"","CAPYBARA.ID","GUINEA.PIG.ID","RAT.ID","Gene.Name","dN.dS_Capybara.Gpig","dN.dS_Gpig.Rat","ratio"
"1","s5_000876-RA","ENSCPOP00000000730","ENSRNOP00000068825","GTF2A2",0.189021702,0,Inf
"2","s9_000691-RA","ENSCPOP00000001389","ENSRNOP00000063277","",0.106723722,0,Inf
"3","s2_002640-RA","ENSCPOP00000014135","ENSRNOP00000003283","PLP1",0.311643665,0,Inf
"4","s1_001554-RA","ENSCPOP00000011330","ENSRNOP00000015779","EIF5A2",0.266502516,0,Inf
"5","s9_000793-RA","ENSCPOP00000015807","ENSRNOP00000064594","",0.373160201,0,Inf
"6","s5_000283-RA","ENSCPOP00000013031","ENSRNOP00000005293","MAP2K4",0.106795693,0,Inf
"7","s10_002010-RA","ENSCPOP00000001040","ENSRNOP00000026313","",0.11017863,0,Inf
"8","s4_001342-RA","ENSCPOP00000001646","ENSRNOP00000010380","RDH5",0.423525944,0,Inf
"9","s2_001040-RA","ENSCPOP00000009343","ENSRNOP00000013841","",0.081692555,0,Inf
"10","s3_000061-RA","ENSCPOP00000009876","ENSRNOP00000006402","ENY2",0.519534826,0,Inf
"11","s10_002055-RA","ENSCPOP00000020763","ENSRNOP00000037521","",0.014112489,0,Inf
"12","s2_000686-RA","ENSCPOP00000003345","ENSRNOP00000026297","NUDT21",0.084773429,0,Inf
"13","s10_001792-RA","ENSCPOP00000014283","ENSRNOP00000023562","",0.114542722,0,Inf
"14","s10_002006-RA","ENSCPOP00000018171","ENSRNOP00000026539","",0.028404941,0,Inf
"15","s7_000159-RA","ENSCPOP00000014497","ENSRNOP00000006676","TLX3",0.027125882,0,Inf
"16","s1_001323-RA","ENSCPOP00000011067","ENSRNOP00000065967","",0.260624681,0,Inf
"17","s2_000795-RA","ENSCPOP00000003182","ENSRNOP00000025608","",0.313513226,0,Inf
"18","s8_002550-RA","ENSCPOP00000003199","ENSRNOP00000028324","CELF3",0.018474209,0,Inf
"19","s9_000910-RA","ENSCPOP00000005215","ENSRNOP00000017305","ISL1",0.101611662,0,Inf
"20","s4_000613-RA","ENSCPOP00000000367","ENSRNOP00000075525","",0.113387321,0,Inf
"21","s10_001359-RA","ENSCPOP00000012436","ENSRNOP00000032429","",0.051894777,0,Inf
"22","s10_001417-RA","ENSCPOP00000018833","ENSRNOP00000019140","",0.227852406,0,Inf
"23","s4_000503-RA","ENSCPOP00000006974","ENSRNOP00000059082","COPZ1",0.305399905,0,Inf
"24","s7_000567-RA","ENSCPOP00000008550","ENSRNOP00000039406","",0.630449752,0,Inf
"25","s10_001649-RA","ENSCPOP00000010916","ENSRNOP00000022048","SUMO1",0.271381204,0,Inf
"26","s8_000356-RA","ENSCPOP00000001558","ENSRNOP00000032033","",0.023919031,0,Inf
"27","s4_001506-RA","ENSCPOP00000006331","ENSRNOP00000025827","FAM168A",0.408928004,0,Inf
"28","s4_001329-RA","ENSCPOP00000015837","ENSRNOP00000058595","",0.022071655,0,Inf
"29","s4_001977-RA","ENSCPOP00000010652","ENSRNOP00000068481","SNX12",0.073097253,0,Inf
"30","s6_001525-RA","ENSCPOP00000001266","ENSRNOP00000001941","POLR2J",0.033173834,0,Inf
"31","s6_001540-RA","ENSCPOP00000006010","ENSRNOP00000011557","",0.30466746,0,Inf
"32","s1_001616-RA","ENSCPOP00000011074","ENSRNOP00000024116","ING4",0.014514986,0,Inf
"33","s5_000602-RA","ENSCPOP00000010600","ENSRNOP00000035155","SRSF7",0.290930049,0,Inf
"34","s9_000740-RA","ENSCPOP00000000577","ENSRNOP00000065381","DCX",0.397984344,0.001765928,225.3683377
"35","s2_001968-RA","ENSCPOP00000017386","ENSRNOP00000047771","RNPS1",0.341474341,0.002835224,120.4399828
"36","s7_001243-RA","ENSCPOP00000004567","ENSRNOP00000012635","PRPF38A",0.246738367,0.002429713,101.550437
"37","s3_001315-RA","ENSCPOP00000013488","ENSRNOP00000057940","",0.669106073,0.006703739,99.81088251
"38","s10_000010-RA","ENSCPOP00000011469","ENSRNOP00000020536","MOB4",0.433807605,0.00464918,93.30840828
"39","s9_000415-RA","ENSCPOP00000012309","ENSRNOP00000026928","PSMA5",0.344843635,0.003746325,92.04850366
"40","s3_001576-RA","ENSCPOP00000006274","ENSRNOP00000022573","",0.206933605,0.002539061,81.5000647
"41","s4_001226-RA","ENSCPOP00000006748","ENSRNOP00000000071","",0.228933401,0.003238847,70.68362085
"42","s7_001659-RA","ENSCPOP00000004976","ENSRNOP00000032753","",0.577872338,0.008192412,70.53750578
"43","s5_000542-RA","ENSCPOP00000000838","ENSRNOP00000021998","FBXO11",0.28472299,0.004116494,69.16638048
"44","s3_000511-RA","ENSCPOP00000014201","ENSRNOP00000027351","NT5C2",0.107987178,0.001609897,67.07708104
"45","s7_001189-RA","ENSCPOP00000005515","ENSRNOP00000010753","PSMA3",0.387118418,0.00580072,66.73626563
"46","s2_001722-RA","ENSCPOP00000016123","ENSRNOP00000005825","",0.621531993,0.009609776,64.67705477
"47","s1_000738-RA","ENSCPOP00000017753","ENSRNOP00000006329","",0.153840952,0.0028289,54.38189114
"48","s10_001562-RA","ENSCPOP00000014990","ENSRNOP00000007623","ARL1",0.366159387,0.007434464,49.25162059
"49","s3_001163-RA","ENSCPOP00000005342","ENSRNOP00000002058","",0.548622432,0.011258914,48.72782801
"50","s2_002034-RA","ENSCPOP00000003765","ENSRNOP00000006979","TFAP4",0.241964293,0.005054216,47.87375533
"51","s8_002426-RA","ENSCPOP00000004410","ENSRNOP00000021176","PPP6C",0.227152172,0.00474653,47.8564726
"52","s9_000714-RA","ENSCPOP00000005603","ENSRNOP00000010463","SMU1",0.051688692,0.001104782,46.78634469
"53","s2_000125-RA","ENSCPOP00000009924","ENSRNOP00000007580","",0.405230264,0.008797487,46.06204941
"54","s8_002023-RA","ENSCPOP00000009688","ENSRNOP00000025241","DRG1",0.281304008,0.006557409,42.89865272
"55","s4_001214-RA","ENSCPOP00000009951","ENSRNOP00000007181","MAEA",0.093797883,0.002319018,40.44725013
"56","s4_001075-RA","ENSCPOP00000006225","ENSRNOP00000024367","",0.195560029,0.004854634,40.28316591
"57","s2_000356-RA","ENSCPOP00000000804","ENSRNOP00000009370","LHX8",0.182116614,0.004682302,38.89467236
"58","s3_002261-RA","ENSCPOP00000017976","ENSRNOP00000049331","",0.190573698,0.004984186,38.23567224
"59","s1_000331-RA","ENSCPOP00000011711","ENSRNOP00000030781","POLR2B",0.049806763,0.001377629,36.15398173
"60","s3_002487-RA","ENSCPOP00000009385","ENSRNOP00000019486","",0.171804627,0.005043806,34.06249983
"61","s2_001408-RA","ENSCPOP00000011511","ENSRNOP00000020816","CNEP1R1",0.3283848,0.009674129,33.94463631
"62","s2_000033-RA","ENSCPOP00000012527","ENSRNOP00000007351","SNRPF",0.526742,0.015944158,33.03667692
"63","s4_001390-RA","ENSCPOP00000010226","ENSRNOP00000013997","PSMC5",0.090322492,0.002803306,32.21998781
"64","s3_001135-RA","ENSCPOP00000011239","ENSRNOP00000014218","LHX9",0.285480172,0.0090826,31.43154863
"65","s1_000436-RA","ENSCPOP00000005824","ENSRNOP00000005126","DHX15",0.122150345,0.004004902,30.50020955
"66","s7_000534-RA","ENSCPOP00000002146","ENSRNOP00000026398","ETF1",0.138529132,0.004574513,30.28281481
"67","s7_000169-RA","ENSCPOP00000003018","ENSRNOP00000056531","PANK3",0.438632852,0.014745589,29.746717
"68","s1_000400-RA","ENSCPOP00000009024","ENSRNOP00000003128","TMEM33",0.246177532,0.008279634,29.73290046
"69","s6_000165-RA","ENSCPOP00000021083","ENSRNOP00000023979","KLHDC3",0.294620844,0.010111214,29.13802787
"70","s10_001881-RA","ENSCPOP00000011294","ENSRNOP00000027957","PSME3",0.245666132,0.00847223,28.99663172
"71","s3_001447-RA","ENSCPOP00000010433","ENSRNOP00000005156","",0.819803465,0.028518379,28.74649554
"72","s9_000233-RA","ENSCPOP00000009599","ENSRNOP00000000121","FGF20",0.481227702,0.017042488,28.23694017
"73","s8_002652-RA","ENSCPOP00000005263","ENSRNOP00000072520","ILF2",0.127265051,0.004601014,27.66021525
"74","s3_002524-RA","ENSCPOP00000010237","ENSRNOP00000074146","KCNC1",0.140165888,0.005083229,27.57418267
"75","s9_000154-RA","ENSCPOP00000012731","ENSRNOP00000009752","BMT2",0.06925232,0.002518052,27.50234421
"76","s1_001387-RA","ENSCPOP00000002201","ENSRNOP00000001562","SPPL3",0.216958787,0.007905074,27.44550991
"77","s8_000490-RA","ENSCPOP00000007485","ENSRNOP00000023102","TIA1",0.671245587,0.024791669,27.07544915
"78","s4_001591-RA","ENSCPOP00000009067","ENSRNOP00000042446","",0.454980789,0.01695828,26.82941762
"79","s4_001081-RA","ENSCPOP00000013377","ENSRNOP00000016632","CACNG3",0.387194313,0.014461012,26.77504973
"80","s3_000643-RA","ENSCPOP00000009594","ENSRNOP00000014499","RIMS4",0.275506911,0.010312289,26.71636725
"81","s10_002136-RA","ENSCPOP00000003299","ENSRNOP00000019350","AP1M1",0.106827557,0.00402236,26.55842452
"82","s1_001550-RA","ENSCPOP00000011823","ENSRNOP00000066950","PSMA2",0.074204228,0.002835334,26.17125138
"83","s10_001457-RA","ENSCPOP00000003331","ENSRNOP00000048945","SRP54",0.2388058,0.009130043,26.15604465
"84","s7_002451-RA","ENSCPOP00000019729","ENSRNOP00000000509","PBX2",0.179430927,0.006889126,26.04552876
"85","s2_002455-RA","ENSCPOP00000019389","ENSRNOP00000001310","PDAP1",0.248967949,0.009671116,25.74345541
"86","s3_001568-RA","ENSCPOP00000018062","ENSRNOP00000003046","COPS4",0.142735719,0.005545786,25.73768834
"87","s2_002051-RA","ENSCPOP00000010428","ENSRNOP00000004159","GLYR1",0.385624719,0.015292885,25.2159562
"88","s7_000901-RA","ENSCPOP00000012041","ENSRNOP00000009132","SEMA3C",0.248145168,0.009962834,24.90708522
"89","s3_001885-RA","ENSCPOP00000001559","ENSRNOP00000000253","ZNF207",0.292874426,0.011977119,24.45282716
"90","s10_001697-RA","ENSCPOP00000004806","ENSRNOP00000002293","ARL6",0.912655798,0.037520166,24.32440703
"91","s2_002376-RA","ENSCPOP00000008297","ENSRNOP00000028887","PCNA",0.149848803,0.006241556,24.00824564
"92","s5_001034-RA","ENSCPOP00000012490","ENSRNOP00000064762","RAC3",0.235871089,0.009845902,23.95627059
"93","s3_000078-RA","ENSCPOP00000020081","ENSRNOP00000014879","OSR2",0.306730188,0.012887496,23.80060469
"94","s6_000827-RA","ENSCPOP00000004046","ENSRNOP00000016325","SNRNP40",0.372881681,0.015730566,23.70427679
"95","s1_000022-RA","ENSCPOP00000004755","ENSRNOP00000007612","EMC4",0.264539016,0.01128419,23.44333208
"96","s7_000532-RA","ENSCPOP00000002148","ENSRNOP00000026696","HSPA9",0.245039897,0.010514561,23.30481428
"97","s7_000705-RA","ENSCPOP00000006596","ENSRNOP00000005059","WDR26",0.251286165,0.010864061,23.13004013
"98","s4_001403-RA","ENSCPOP00000006432","ENSRNOP00000041663","DDX5",0.112169484,0.005017952,22.35363879
"99","s1_000451-RA","ENSCPOP00000007070","ENSRNOP00000004274","TAPT1",0.395466144,0.01812364,21.82045953
"100","s9_000045-RA","ENSCPOP00000006687","ENSRNOP00000011926","",0.337364341,0.015575118,21.66046823
"101","s4_000499-RA","ENSCPOP00000007849","ENSRNOP00000052150","GTSF1",0.658302089,0.030739617,21.41542918
"102","s2_001066-RA","ENSCPOP00000013712","ENSRNOP00000027088","TOMM20",0.224425653,0.010652665,21.06755956
"103","s3_000229-RA","ENSCPOP00000001037","ENSRNOP00000018547","",0.28787235,0.013692032,21.02480847
"104","s4_001386-RA","ENSCPOP00000005072","ENSRNOP00000012533","CCDC47",0.115844372,0.005538113,20.91766254
"105","s8_002305-RA","ENSCPOP00000003210","ENSRNOP00000007367","RBM3",0.191751016,0.009230324,20.77402803
"106","s3_000780-RA","ENSCPOP00000002727","ENSRNOP00000025172","GNAL",0.130983602,0.006397825,20.47314436
"107","s8_000235-RA","ENSCPOP00000013112","ENSRNOP00000022719","CPLX4",0.470422909,0.023549687,19.97576095
"108","s1_000447-RA","ENSCPOP00000011350","ENSRNOP00000004912","MED28",0.416433253,0.021026491,19.8051716
"109","s9_001740-RA","ENSCPOP00000004430","ENSRNOP00000033324","",0.290866909,0.014695411,19.793043
"110","s2_000095-RA","ENSCPOP00000017660","ENSRNOP00000005286","",0.34433055,0.017892772,19.24411448
"111","s7_000983-RA","ENSCPOP00000016379","ENSRNOP00000008803","MEOX2",0.490883752,0.025683857,19.11254017
"112","s3_000762-RA","ENSCPOP00000008025","ENSRNOP00000029085","RAE1",0.172694205,0.009045075,19.09262313
"113","s6_000801-RA","ENSCPOP00000000206","ENSRNOP00000066038","",0.280201482,0.014807444,18.92301521
"114","s2_001628-RA","ENSCPOP00000012325","ENSRNOP00000024261","",0.083558523,0.004473732,18.67758809
"115","s7_002287-RA","ENSCPOP00000018060","ENSRNOP00000014204","GSC",0.095023352,0.005197911,18.28106487
"116","s7_001687-RA","ENSCPOP00000018913","ENSRNOP00000020721","",0.283390237,0.015610772,18.15350586
"117","s6_000336-RA","ENSCPOP00000009359","ENSRNOP00000059452","",0.566875754,0.031363004,18.07466362
"118","s6_001248-RA","ENSCPOP00000018932","ENSRNOP00000074885","BMPR1A",0.231814848,0.012827288,18.07200771
"119","s4_000614-RA","ENSCPOP00000000364","ENSRNOP00000068902","ASIC1",0.344765844,0.019455197,17.72101556
"120","s8_002633-RA","ENSCPOP00000017508","ENSRNOP00000011065","",0.438578705,0.024934292,17.58937903
"121","s10_000406-RA","ENSCPOP00000011102","ENSRNOP00000060060","ANKH",0.273728834,0.015682468,17.45444886
"122","s7_000757-RA","ENSCPOP00000010785","ENSRNOP00000004905","PROX1",0.385357517,0.022421094,17.18727505
"123","s2_002732-RA","ENSCPOP00000015531","ENSRNOP00000001820","COPS6",0.19566119,0.011454851,17.08107734
"124","s10_000718-RA","ENSCPOP00000016061","ENSRNOP00000028363","DPF2",0.105364627,0.006287925,16.75666007
"125","s2_001962-RA","ENSCPOP00000001866","ENSRNOP00000014269","MLST8",0.176093911,0.010609107,16.5983732
"126","s8_002327-RA","ENSCPOP00000011174","ENSRNOP00000013369","WDR45",0.18025511,0.010883074,16.5628853
"127","s10_001228-RA","ENSCPOP00000001951","ENSRNOP00000010873","UBASH3B",0.355904827,0.021519084,16.53903208
"128","s2_000526-RA","ENSCPOP00000014222","ENSRNOP00000017915","TWSG1",0.29896057,0.018198628,16.42764361
"129","s5_000487-RA","ENSCPOP00000017544","ENSRNOP00000023314","",0.426759557,0.025985835,16.42277643
"130","s9_000328-RA","ENSCPOP00000000620","ENSRNOP00000036514","",0.304917139,0.018728216,16.28116286
"131","s4_000476-RA","ENSCPOP00000013724","ENSRNOP00000015946","PSMA1",0.222590274,0.013686974,16.2629281
"132","s2_002885-RA","ENSCPOP00000008574","ENSRNOP00000053432","PABPC4",0.313530157,0.019756102,15.87004163
"133","s4_000542-RA","ENSCPOP00000005052","ENSRNOP00000052188","SPRYD3",0.137053897,0.008696937,15.75887054
"134","s2_000992-RA","ENSCPOP00000002490","ENSRNOP00000019740","TRAPPC2L",0.422350735,0.026883073,15.71065674
"135","s2_000307-RA","ENSCPOP00000000095","ENSRNOP00000044602","",0.242451829,0.015628118,15.51382092
"136","s3_000187-RA","ENSCPOP00000016758","ENSRNOP00000009431","RPL7",0.210515155,0.013596087,15.48351016
"137","s4_001426-RA","ENSCPOP00000011766","ENSRNOP00000051938","GNA13",0.433891742,0.02811795,15.43112984
"138","s4_000134-RA","ENSCPOP00000013361","ENSRNOP00000064195","",0.528195997,0.034252058,15.4208545
"139","s8_001643-RA","ENSCPOP00000019793","ENSRNOP00000063098","AP1M2",0.204853167,0.013379845,15.31057842
"140","s4_000508-RA","ENSCPOP00000020102","ENSRNOP00000022398","",0.3621143,0.024002569,15.08648079
"141","s9_001323-RA","ENSCPOP00000003815","ENSRNOP00000062806","JMJD6",0.190804004,0.01280457,14.9012431
"142","s8_000763-RA","ENSCPOP00000012084","ENSRNOP00000060990","SUCLG2",0.537368967,0.036690553,14.64597636
"143","s8_000795-RA","ENSCPOP00000009442","ENSRNOP00000028940","KIN",0.235400837,0.01607656,14.64248814
"144","s3_000503-RA","ENSCPOP00000009978","ENSRNOP00000026987","SUFU",0.343850452,0.023545645,14.60356886
"145","s4_001381-RA","ENSCPOP00000013618","ENSRNOP00000061467","",0.036871985,0.00252516,14.60184099
"146","s1_000480-RA","ENSCPOP00000014248","ENSRNOP00000024872","",0.154164628,0.010558601,14.60085778
"147","s10_001313-RA","ENSCPOP00000014881","ENSRNOP00000071224","PLAGL2",0.345487072,0.023980378,14.40707337
"148","s10_001484-RA","ENSCPOP00000007987","ENSRNOP00000005568","TRAPPC6B",0.252347009,0.017666862,14.28363491
"149","s3_001082-RA","ENSCPOP00000020308","ENSRNOP00000005832","KLHL12",0.074325931,0.005246779,14.16601069
"150","s2_000136-RA","ENSCPOP00000016915","ENSRNOP00000004065","",1.564851978,0.111035511,14.09325684
"151","s2_001369-RA","ENSCPOP00000001412","ENSRNOP00000015102","IDH3A",0.115177204,0.008198768,14.04811062
"152","s8_000322-RA","ENSCPOP00000003532","ENSRNOP00000011499","ARPC3",0.308406668,0.021985662,14.02762743
"153","s9_000994-RA","ENSCPOP00000005442","ENSRNOP00000064079","",0.948049982,0.067721957,13.99915212
"154","s4_002200-RA","ENSCPOP00000003618","ENSRNOP00000024464","",0.151083239,0.010805013,13.98269913
"155","s7_000579-RA","ENSCPOP00000012664","ENSRNOP00000026010","",0.399619628,0.028754453,13.89766037
"156","s5_000106-RA","ENSCPOP00000000917","ENSRNOP00000060068","ZNF322",0.554441744,0.040133448,13.81495411
"157","s8_002439-RA","ENSCPOP00000017023","ENSRNOP00000061914","LHX2",0.032650303,0.002375386,13.74526399
"158","s3_001679-RA","ENSCPOP00000003350","ENSRNOP00000008149","EZH2",0.141625291,0.010321109,13.72190635
"159","s10_001407-RA","ENSCPOP00000015724","ENSRNOP00000064325","",0.691635726,0.050790462,13.6174332
"160","s7_000204-RA","ENSCPOP00000001462","ENSRNOP00000006063","UBLCP1",0.191781602,0.014148671,13.55474312
"161","s9_000382-RA","ENSCPOP00000010677","ENSRNOP00000024243","OLFM3",0.106267019,0.007880741,13.48439374
"162","s6_000714-RA","ENSCPOP00000007761","ENSRNOP00000014415","",0.186288651,0.013937932,13.36558737
"163","s8_001510-RA","ENSCPOP00000009586","ENSRNOP00000002715","",0.117678659,0.00887631,13.25761056
"164","s10_000687-RA","ENSCPOP00000016024","ENSRNOP00000028646","RASGRP2",0.363367278,0.027457831,13.23364832
"165","s5_001225-RA","ENSCPOP00000013118","ENSRNOP00000001893","TBX5",0.365506082,0.027631222,13.22800992
"166","s10_001392-RA","ENSCPOP00000010280","ENSRNOP00000027539","",0.448757323,0.034111204,13.15571613
"167","s10_002228-RA","ENSCPOP00000016138","ENSRNOP00000024640","TNNI3",0.444979096,0.034559057,12.87590388
"168","s2_001278-RA","ENSCPOP00000007174","ENSRNOP00000027547","KLHL17",0.092886516,0.00724592,12.81914653
"169","s2_001771-RA","ENSCPOP00000008234","ENSRNOP00000022866","KIAA1958",0.582110603,0.045430032,12.81334347
"170","s6_001281-RA","ENSCPOP00000002694","ENSRNOP00000041134","USP7",0.047846299,0.003746816,12.76985606
"171","s6_000549-RA","ENSCPOP00000006321","ENSRNOP00000016428","MYO6",0.239373325,0.019107037,12.52801939
"172","s1_000483-RA","ENSCPOP00000004997","ENSRNOP00000024697","",0.071840535,0.005867664,12.24346337
"173","s10_001826-RA","ENSCPOP00000009486","ENSRNOP00000052049","EFTUD2",0.101266256,0.008275146,12.23739857
"174","s8_000603-RA","ENSCPOP00000010607","ENSRNOP00000011442","CCNC",0.31020946,0.026004048,11.92927568
"175","s2_001422-RA","ENSCPOP00000005875","ENSRNOP00000057588","",0.385093188,0.032295429,11.92407723
"176","s2_000008-RA","ENSCPOP00000016790","ENSRNOP00000010414","ACTR6",0.101894215,0.008557491,11.90702
"177","s6_000538-RA","ENSCPOP00000001301","ENSRNOP00000074616","SH3BGRL2",0.303001646,0.025575582,11.84730222
"178","s7_001472-RA","ENSCPOP00000009465","ENSRNOP00000028672","UBA2",0.387368816,0.03270142,11.84562688
"179","s2_002881-RA","ENSCPOP00000006641","ENSRNOP00000074074","PPIE",0.305969832,0.025939283,11.79561642
"180","s8_001341-RA","ENSCPOP00000010160","ENSRNOP00000071669","CPSF3",0.169929148,0.014472665,11.74138615
"181","s9_001305-RA","ENSCPOP00000017231","ENSRNOP00000004007","PGS1",0.272519955,0.023243081,11.72477761
"182","s2_001891-RA","ENSCPOP00000013766","ENSRNOP00000026697","WDR24",0.194325834,0.016600447,11.70606033
"183","s3_000042-RA","ENSCPOP00000017426","ENSRNOP00000070045","",0.255239901,0.021847298,11.68290481
"184","s7_000284-RA","ENSCPOP00000004626","ENSRNOP00000061001","",0.311738799,0.026843603,11.61315042
"185","s10_000883-RA","ENSCPOP00000013808","ENSRNOP00000055192","USP21",0.336099741,0.02903633,11.57514537
"186","s8_001340-RA","ENSCPOP00000009243","ENSRNOP00000071708","ITGB1BP1",0.376537088,0.03288945,11.44856742
"187","s6_000925-RA","ENSCPOP00000017957","ENSRNOP00000063845","MEAF6",0.159888864,0.014053016,11.37754771
"188","s10_000891-RA","ENSCPOP00000003574","ENSRNOP00000005811","USF1",0.288500824,0.025491861,11.31737026
"189","s9_000120-RA","ENSCPOP00000012834","ENSRNOP00000012656","ASB4",0.338202223,0.029929634,11.2999119
"190","s4_000805-RA","ENSCPOP00000017699","ENSRNOP00000008964","SNF8",0.265717667,0.023547494,11.28432865
"191","s6_000330-RA","ENSCPOP00000007088","ENSRNOP00000072219","HERC4",0.400442376,0.035738033,11.20493603
"192","s1_000747-RA","ENSCPOP00000008447","ENSRNOP00000016350","XRN2",0.309908156,0.02820722,10.98683791
"193","s6_001832-RA","ENSCPOP00000005113","ENSRNOP00000004224","HDAC8",0.829380876,0.07579121,10.94296921
"194","s3_001323-RA","ENSCPOP00000012017","ENSRNOP00000040388","PAN3",0.261210047,0.023877112,10.93976714
"195","s3_001459-RA","ENSCPOP00000006937","ENSRNOP00000012041","ELMOD1",0.334494259,0.030681121,10.90228297
"196","s1_000054-RA","ENSCPOP00000008083","ENSRNOP00000010381","BMF",1.095115578,0.100864344,10.85731126
"197","s4_001765-RA","ENSCPOP00000005664","ENSRNOP00000027989","SNRNP25",0.039279075,0.003624201,10.83799724
"198","s6_000917-RA","ENSCPOP00000018907","ENSRNOP00000032827","STK40",0.229591165,0.021212172,10.82355751
"199","s10_000295-RA","ENSCPOP00000004155","ENSRNOP00000004969","MCM6",0.181533475,0.016775408,10.82140418
"200","s6_000095-RA","ENSCPOP00000009023","ENSRNOP00000000650","",0.491423776,0.045592111,10.77870203
"201","s10_000579-RA","ENSCPOP00000000963","ENSRNOP00000015786","AUH",0.300433793,0.027909284,10.76465412
"202","s10_000913-RA","ENSCPOP00000013442","ENSRNOP00000008518","COPA",0.13027333,0.012150373,10.7217553
"203","s10_001511-RA","ENSCPOP00000006590","ENSRNOP00000005746","",0.229682102,0.021427598,10.71898512
"204","s4_000884-RA","ENSCPOP00000012167","ENSRNOP00000038764","VWC2L",0.583920678,0.054542472,10.70579774
"205","s4_001696-RA","ENSCPOP00000003327","ENSRNOP00000067708","Crybb2",0.219939764,0.020551842,10.70170554
"206","s2_000227-RA","ENSCPOP00000004958","ENSRNOP00000002403","",0.346592615,0.032417283,10.69159988
"207","s1_001405-RA","ENSCPOP00000016687","ENSRNOP00000001518","RPLP0",0.130923778,0.012269091,10.67102544
"208","s4_000475-RA","ENSCPOP00000013721","ENSRNOP00000072797","COPB1",0.071600269,0.006720678,10.65372714
"209","s2_000683-RA","ENSCPOP00000013877","ENSRNOP00000026373","GNAO1",0.311414676,0.029265971,10.64084554
"210","s6_000750-RA","ENSCPOP00000010516","ENSRNOP00000022141","PDIK1L",0.037591367,0.003544794,10.604668
"211","s6_001723-RA","ENSCPOP00000006557","ENSRNOP00000059152","PIAS1",0.211029188,0.019965469,10.56970856
"212","s10_000280-RA","ENSCPOP00000007705","ENSRNOP00000007404","ACVR2A",0.156952515,0.014862565,10.56025742
"213","s3_000933-RA","ENSCPOP00000002624","ENSRNOP00000019919","",0.258953592,0.024552228,10.54705082
"214","s7_002555-RA","ENSCPOP00000001832","ENSRNOP00000005666","OSR1",0.327341795,0.031133695,10.51406834
"215","s9_000757-RA","ENSCPOP00000008444","ENSRNOP00000018527","DIMT1",0.449214999,0.043202501,10.39789335
"216","s4_000726-RA","ENSCPOP00000013635","ENSRNOP00000037928","PSMD3",0.139139794,0.013484467,10.31852379
"217","s5_000085-RA","ENSCPOP00000010445","ENSRNOP00000014532","DYNC1LI1",0.351724927,0.034585009,10.16986664
"218","s9_001230-RA","ENSCPOP00000002876","ENSRNOP00000027793","CLK2",0.180168124,0.017752936,10.14863835
"219","s8_002369-RA","ENSCPOP00000003638","ENSRNOP00000036610","MED23",0.203466484,0.020061049,10.14236533
"220","s3_000413-RA","ENSCPOP00000008178","ENSRNOP00000019777","ACVR2B",0.093253925,0.00923233,10.10080047
"221","s5_000349-RA","ENSCPOP00000003992","ENSRNOP00000013071","",0.060766733,0.006031695,10.07456915
"222","s9_001308-RA","ENSCPOP00000016661","ENSRNOP00000065784","",0.550705865,0.054691722,10.06927267
"223","s2_000976-RA","ENSCPOP00000006940","ENSRNOP00000025894","",0.264834863,0.026412887,10.02672913
"224","s4_001702-RA","ENSCPOP00000002844","ENSRNOP00000002552","",0.408875992,0.041055749,9.959043532
"225","s7_001188-RA","ENSCPOP00000007686","ENSRNOP00000010300","ACTR10",0.390132354,0.039332665,9.91878782
"226","s8_001463-RA","ENSCPOP00000008445","ENSRNOP00000002169","CCT8",0.221541896,0.022338415,9.917529861
"227","s2_001127-RA","ENSCPOP00000003171","ENSRNOP00000011287","CLCN6",0.257775201,0.02625096,9.819648579
"228","s5_001276-RA","ENSCPOP00000010407","ENSRNOP00000006890","EMC2",0.414685552,0.042337012,9.794870611
"229","s1_000900-RA","ENSCPOP00000001643","ENSRNOP00000024082","EED",0.020463982,0.002125563,9.627558552
"230","s2_000609-RA","ENSCPOP00000020265","ENSRNOP00000064525","IRF2BPL",0.345965495,0.036037794,9.600074143
"231","s2_000718-RA","ENSCPOP00000020294","ENSRNOP00000017971","",0.175509046,0.018327134,9.576459129
"232","s5_000759-RA","ENSCPOP00000003690","ENSRNOP00000064342","WASF1",0.213264927,0.022553441,9.455981839
"233","s7_001167-RA","ENSCPOP00000002245","ENSRNOP00000008238","PPM1A",0.098032423,0.010446894,9.383881923
"234","s2_001400-RA","ENSCPOP00000015367","ENSRNOP00000003076","",0.218148011,0.023252619,9.38165329
"235","s6_000479-RA","ENSCPOP00000005311","ENSRNOP00000010893","TCEA1",0.277694727,0.029865475,9.298185382
"236","s1_000594-RA","ENSCPOP00000013823","ENSRNOP00000003774","",0.302961874,0.03260636,9.291496329
"237","s6_000445-RA","ENSCPOP00000011829","ENSRNOP00000020419","SPRYD7",0.11272804,0.012198431,9.241191764
"238","s2_001960-RA","ENSCPOP00000010651","ENSRNOP00000004192","TRAF7",0.115985737,0.012565145,9.230752137
"239","s3_000367-RA","ENSCPOP00000005149","ENSRNOP00000047028","CCDC58",0.525451326,0.057184541,9.188695315
"240","s2_001234-RA","ENSCPOP00000012482","ENSRNOP00000021285","PRKCZ",0.094690699,0.010316184,9.178848996
"241","s2_000751-RA","ENSCPOP00000006703","ENSRNOP00000015811","FAM96B",0.186138991,0.020279562,9.178649427
"242","s1_001700-RA","ENSCPOP00000006845","ENSRNOP00000029990","",0.297944992,0.03253301,9.158236299
"243","s8_000461-RA","ENSCPOP00000011754","ENSRNOP00000064676","PRADC1",0.260649754,0.028720393,9.075424398
"244","s2_001679-RA","ENSCPOP00000013168","ENSRNOP00000021437","",0.331425974,0.036567043,9.063515757
"245","s7_000218-RA","ENSCPOP00000009249","ENSRNOP00000009211","ITK",0.382661077,0.042293932,9.047659098
"246","s10_000097-RA","ENSCPOP00000014474","ENSRNOP00000016837","",0.094362283,0.010510282,8.978092633
"247","s5_000779-RA","ENSCPOP00000000086","ENSRNOP00000064408","NR2E1",0.079737726,0.00890371,8.955562191
"248","s8_001359-RA","ENSCPOP00000016681","ENSRNOP00000057241","E2F6",0.509805635,0.057192935,8.913786949
"249","s8_001997-RA","ENSCPOP00000013148","ENSRNOP00000006542","",0.376265154,0.042265016,8.90251999
"250","s3_000544-RA","ENSCPOP00000009776","ENSRNOP00000020580","SHOC2",0.146756765,0.016648045,8.815255022
"251","s4_000787-RA","ENSCPOP00000007559","ENSRNOP00000011665","",0.189167359,0.021506689,8.795745348
"252","s8_001761-RA","ENSCPOP00000014155","ENSRNOP00000041821","EEF2",0.085395878,0.009741638,8.76607015
"253","s1_001362-RA","ENSCPOP00000009874","ENSRNOP00000000890","ISCU",0.297102081,0.033954394,8.750033413
"254","s3_000247-RA","ENSCPOP00000016020","ENSRNOP00000002194","",0.030713406,0.003521417,8.72188756
"255","s3_000846-RA","ENSCPOP00000014321","ENSRNOP00000020581","DNAJC5",0.077275261,0.008859983,8.721829579
"256","s5_000664-RA","ENSCPOP00000013191","ENSRNOP00000070214","",0.164155833,0.018930671,8.671421622
"257","s10_001741-RA","ENSCPOP00000005975","ENSRNOP00000009637","SLC25A14",0.218973061,0.02537718,8.628738768
"258","s3_001788-RA","ENSCPOP00000003443","ENSRNOP00000068434","GOSR1",0.171774809,0.019994478,8.591112466
"259","s8_000018-RA","ENSCPOP00000013456","ENSRNOP00000062785","GUCY1B1",0.070044201,0.008163197,8.580485967
"260","s8_000514-RA","ENSCPOP00000009096","ENSRNOP00000007824","PNO1",0.288602519,0.033661614,8.573638654
"261","s3_001865-RA","ENSCPOP00000013674","ENSRNOP00000046413","",0.116668874,0.013611152,8.571565246
"262","s2_001718-RA","ENSCPOP00000012035","ENSRNOP00000007219","EGLN3",0.239699382,0.02796612,8.57106332
"263","s9_000946-RA","ENSCPOP00000014815","ENSRNOP00000000743","",0.184250235,0.021528308,8.558509962
"264","s1_002009-RA","ENSCPOP00000015848","ENSRNOP00000009491","ID2",0.697685645,0.082055226,8.502635111
"265","s2_002200-RA","ENSCPOP00000002509","ENSRNOP00000031045","",0.317365494,0.03742411,8.480241568
"266","s1_002234-RA","ENSCPOP00000005002","ENSRNOP00000015851","NDUFS1",0.288441905,0.034044741,8.472436503
"267","s1_001171-RA","ENSCPOP00000009238","ENSRNOP00000000184","",0.332687185,0.039283339,8.468913067
"268","s10_001921-RA","ENSCPOP00000002563","ENSRNOP00000022687","KLHL10",0.060938339,0.007199254,8.464535009
"269","s6_000758-RA","ENSCPOP00000006383","ENSRNOP00000021734","SH3BGRL3",0.320990311,0.037951597,8.457886766
"270","s5_000077-RA","ENSCPOP00000013053","ENSRNOP00000035501","TGFBR2",0.455758391,0.05404686,8.432652557
"271","s6_001111-RA","ENSCPOP00000011669","ENSRNOP00000004676","FUNDC1",0.353111515,0.041935179,8.420412658
"272","s6_001587-RA","ENSCPOP00000000764","ENSRNOP00000012837","ABHD4",0.224150321,0.026773886,8.371975738
"273","s2_001352-RA","ENSCPOP00000005574","ENSRNOP00000020544","ETFA",0.564322851,0.067560045,8.352908106
"274","s2_001847-RA","ENSCPOP00000013709","ENSRNOP00000023769","TNP1",0.546555971,0.065458656,8.349636242
"275","s7_000921-RA","ENSCPOP00000007307","ENSRNOP00000015733","SLC26A5",0.221546999,0.026607179,8.326587229
"276","s3_000600-RA","ENSCPOP00000003901","ENSRNOP00000027375","RGS10",0.393797913,0.047366064,8.313925164
"277","s8_001072-RA","ENSCPOP00000008964","ENSRNOP00000067360","FZD3",0.330191676,0.039756637,8.305322084
"278","s6_001697-RA","ENSCPOP00000001664","ENSRNOP00000002085","HAT1",0.357469336,0.043049927,8.303599062
"279","s7_000143-RA","ENSCPOP00000010956","ENSRNOP00000005273","ERGIC1",0.21982804,0.026487136,8.299426647
"280","s2_002517-RA","ENSCPOP00000004530","ENSRNOP00000028535","STX3",0.225319469,0.027201985,8.283199373
"281","s8_002612-RA","ENSCPOP00000018345","ENSRNOP00000072405","",0.252046383,0.030445711,8.27855146
"282","s7_002527-RA","ENSCPOP00000013275","ENSRNOP00000013571","",0.069851645,0.008443651,8.27268259
"283","s7_000456-RA","ENSCPOP00000007735","ENSRNOP00000017405","",0.454682583,0.055047326,8.25984863
"284","s5_000694-RA","ENSCPOP00000001060","ENSRNOP00000009923","STRAP",0.071528561,0.008662008,8.25773418
"285","s2_001890-RA","ENSCPOP00000018165","ENSRNOP00000026921","STUB1",0.116555607,0.014137778,8.244266524
"286","s1_001877-RA","ENSCPOP00000021035","ENSRNOP00000010853","",0.07616773,0.009255496,8.229459731
"287","s6_000670-RA","ENSCPOP00000005937","ENSRNOP00000000904","",0.074318388,0.009033406,8.227062056
"288","s10_000117-RA","ENSCPOP00000009980","ENSRNOP00000002134","MTX2",0.405196598,0.049289814,8.220696414
"289","s10_000073-RA","ENSCPOP00000011672","ENSRNOP00000007276","",0.201270641,0.0244896,8.218617036
"290","s8_001858-RA","ENSCPOP00000014290","ENSRNOP00000063042","CNN2",0.104086029,0.01273623,8.172436423
"291","s2_000359-RA","ENSCPOP00000010012","ENSRNOP00000013238","ACADM",0.591555761,0.072611881,8.146817728
"292","s3_000680-RA","ENSCPOP00000014481","ENSRNOP00000020348","TNNC2",0.050561614,0.00622086,8.127752734
"293","s10_000480-RA","ENSCPOP00000013462","ENSRNOP00000014182","DNAJC3",0.350019666,0.043096427,8.121779272
"294","s4_000969-RA","ENSCPOP00000018375","ENSRNOP00000030546","PPTC7",0.10349798,0.012744642,8.120901518
"295","s8_002687-RA","ENSCPOP00000018665","ENSRNOP00000023858","Lim2",0.514726781,0.063508039,8.104907441
"296","s2_001821-RA","ENSCPOP00000004701","ENSRNOP00000023439","",0.178618299,0.022060717,8.096667753
"297","s9_001346-RA","ENSCPOP00000019680","ENSRNOP00000022773","",0.4263639,0.052714415,8.08818428
"298","s1_001267-RA","ENSCPOP00000006552","ENSRNOP00000042710","EI24",0.330876905,0.041042583,8.061795442
"299","s10_000669-RA","ENSCPOP00000002660","ENSRNOP00000028725","FKBP2",0.307142563,0.0383121,8.016855259
"300","s2_000578-RA","ENSCPOP00000002872","ENSRNOP00000015889","VSX2",0.108003378,0.013506416,7.996449791
"301","s7_002082-RA","ENSCPOP00000016156","ENSRNOP00000071538","RAB37",0.35742739,0.044748651,7.987445107
"302","s2_000535-RA","ENSCPOP00000005120","ENSRNOP00000072502","NAPG",0.121425864,0.01524044,7.967346137
"303","s2_000597-RA","ENSCPOP00000003601","ENSRNOP00000074679","NEK9",0.407677904,0.051193326,7.963497055
"304","s1_001672-RA","ENSCPOP00000003503","ENSRNOP00000005817","ZDHHC3",0.260286664,0.032731964,7.952063774
"305","s10_000123-RA","ENSCPOP00000010218","ENSRNOP00000002148","HOXD10",0.403865856,0.050927484,7.930214174
"306","s8_002856-RA","ENSCPOP00000010808","ENSRNOP00000033966","PAX8",0.225701055,0.028550469,7.905336097
"307","s6_000253-RA","ENSCPOP00000004550","ENSRNOP00000074748","VCL",0.135023027,0.017085453,7.902806345
"308","s2_001929-RA","ENSCPOP00000003001","ENSRNOP00000022142","",0.237499718,0.030066732,7.899086531
"309","s7_001161-RA","ENSCPOP00000012966","ENSRNOP00000010163","MNAT1",0.236056714,0.029987536,7.871827489
"310","s10_000352-RA","ENSCPOP00000010256","ENSRNOP00000049537","",0.154039922,0.019688129,7.823999859
"311","s6_000788-RA","ENSCPOP00000005578","ENSRNOP00000062982","FAM76A",0.251015248,0.032086176,7.823158818
"312","s6_000862-RA","ENSCPOP00000013834","ENSRNOP00000064823","ZBTB8OS",0.425570261,0.054673869,7.78379627
"313","s5_000714-RA","ENSCPOP00000005487","ENSRNOP00000011697","GRIN2B",0.114547093,0.014719855,7.781808591
"314","s3_001106-RA","ENSCPOP00000000680","ENSRNOP00000011105","IPO9",0.094868036,0.012203737,7.773687443
"315","s3_002172-RA","ENSCPOP00000020929","ENSRNOP00000034155","",0.127549275,0.016445595,7.755832258
"316","s1_001973-RA","ENSCPOP00000007664","ENSRNOP00000035588","",0.237627468,0.030739259,7.730422824
"317","s8_002712-RA","ENSCPOP00000007883","ENSRNOP00000000715","",0.315616197,0.041074494,7.683994702
"318","s4_001339-RA","ENSCPOP00000021160","ENSRNOP00000010035","",0.146952064,0.01914118,7.677273024
"319","s8_000275-RA","ENSCPOP00000011325","ENSRNOP00000000125","ELAC1",0.36770114,0.047895115,7.677215958
"320","s2_000180-RA","ENSCPOP00000012573","ENSRNOP00000071367","",0.169442984,0.022074383,7.676000875
"321","s3_000146-RA","ENSCPOP00000020459","ENSRNOP00000056222","",2.281840769,0.297658476,7.665969403
"322","s4_001974-RA","ENSCPOP00000013723","ENSRNOP00000043474","ZMAT4",0.231647982,0.030227391,7.663512211
"323","s10_000551-RA","ENSCPOP00000012798","ENSRNOP00000049378","PCID2",0.111806641,0.014668525,7.622214486
"324","s2_002084-RA","ENSCPOP00000013172","ENSRNOP00000007164","PMM1",0.249127618,0.032708661,7.616564186
"325","s1_001242-RA","ENSCPOP00000012021","ENSRNOP00000011925","ETS1",0.229285094,0.030130678,7.60968926
"326","s2_002250-RA","ENSCPOP00000007494","ENSRNOP00000050012","ARIH2",0.077009312,0.010123187,7.607220384
"327","s9_001016-RA","ENSCPOP00000006063","ENSRNOP00000018485","",0.119874006,0.015791315,7.591135109
"328","s10_001121-RA","ENSCPOP00000000765","ENSRNOP00000012490","",0.3851556,0.050781709,7.584533985
"329","s10_000146-RA","ENSCPOP00000007585","ENSRNOP00000002072","PDK1",0.3639541,0.04799277,7.583519381
"330","s10_002235-RA","ENSCPOP00000002009","ENSRNOP00000007567","",0.251046071,0.033130051,7.577593913
"331","s6_002182-RA","ENSCPOP00000010920","ENSRNOP00000072660","USF2",0.184468408,0.024344888,7.577295422
"332","s9_000530-RA","ENSCPOP00000001467","ENSRNOP00000021963","BMPR1B",0.06113883,0.008088435,7.55879637
"333","s10_001422-RA","ENSCPOP00000010676","ENSRNOP00000007484","",0.288282424,0.038171741,7.552247137
"334","s5_000527-RA","ENSCPOP00000019922","ENSRNOP00000010303","KCTD6",0.012042892,0.001596067,7.545357224
"335","s5_001284-RA","ENSCPOP00000015302","ENSRNOP00000002052","",0.058295371,0.007740507,7.531208656
"336","s3_001255-RA","ENSCPOP00000006198","ENSRNOP00000020693","",0.235761435,0.031325315,7.526227131
"337","s2_000474-RA","ENSCPOP00000006859","ENSRNOP00000063311","ANKRD29",0.337388817,0.044912371,7.512157742
"338","s6_000992-RA","ENSCPOP00000011916","ENSRNOP00000062505","EFR3B",0.193165302,0.025740701,7.504275046
"339","s4_000460-RA","ENSCPOP00000008117","ENSRNOP00000062967","EIF4G2",0.117135731,0.015612192,7.502836912
"340","s6_002038-RA","ENSCPOP00000003482","ENSRNOP00000026445","EMC10",0.444996703,0.059428203,7.487971717
"341","s3_000024-RA","ENSCPOP00000010274","ENSRNOP00000038047","RRM2B",0.182459973,0.024440609,7.465443034
"342","s8_001398-RA","ENSCPOP00000014444","ENSRNOP00000000469","",0.044163754,0.005964666,7.404229502
"343","s9_000071-RA","ENSCPOP00000000809","ENSRNOP00000007977","STEAP2",0.162996816,0.022034699,7.397279084
"344","s8_000812-RA","ENSCPOP00000003873","ENSRNOP00000059824","TMEM181",0.422548967,0.057167147,7.391464959
"345","s6_002305-RA","ENSCPOP00000019856","ENSRNOP00000024351","",0.471353596,0.063852904,7.381866208
"346","s4_000238-RA","ENSCPOP00000011892","ENSRNOP00000074990","STAG1",0.240502752,0.032582295,7.381393853
"347","s9_000232-RA","ENSCPOP00000004463","ENSRNOP00000033473","ZDHHC2",0.444764816,0.060264977,7.380154043
"348","s8_000023-RA","ENSCPOP00000003341","ENSRNOP00000014170","GLRB",0.120326306,0.016365688,7.352352357
"349","s8_002302-RA","ENSCPOP00000003201","ENSRNOP00000006491","PORCN",0.391172587,0.053350458,7.332131731
"350","s10_000740-RA","ENSCPOP00000002704","ENSRNOP00000027927","FIBP",0.190664675,0.026030606,7.324634587
"351","s9_001348-RA","ENSCPOP00000002925","ENSRNOP00000022740","",0.368010982,0.050355768,7.308219083
"352","s7_000353-RA","ENSCPOP00000013865","ENSRNOP00000008999","SH3GL2",0.073823655,0.010105694,7.305154572
"353","s10_001358-RA","ENSCPOP00000012432","ENSRNOP00000060800","DYNLRB1",0.10773253,0.014848656,7.255372246
"354","s10_000743-RA","ENSCPOP00000016247","ENSRNOP00000027869","",0.137884681,0.019033658,7.244255276
"355","s2_001786-RA","ENSCPOP00000011158","ENSRNOP00000027337","SLC4A3",0.16965714,0.023531862,7.209677611
"356","s3_001502-RA","ENSCPOP00000009946","ENSRNOP00000013188","",0.215927786,0.029977036,7.203106566
"357","s10_001886-RA","ENSCPOP00000011282","ENSRNOP00000044397","VPS25",0.17969705,0.025009579,7.185128967
"358","s5_000995-RA","ENSCPOP00000007412","ENSRNOP00000005379","CHMP6",0.248552034,0.034613364,7.18081117
"359","s3_000231-RA","ENSCPOP00000007374","ENSRNOP00000002240","TBC1D23",0.283277918,0.039536192,7.165027827
"360","s1_001269-RA","ENSCPOP00000002865","ENSRNOP00000008285","FEZ1",0.23747838,0.033277645,7.136273604
"361","s10_000370-RA","ENSCPOP00000015115","ENSRNOP00000019966","",0.177982091,0.02502881,7.111088967
"362","s8_000914-RA","ENSCPOP00000009363","ENSRNOP00000012121","",0.400032627,0.056587199,7.069313141
"363","s10_000145-RA","ENSCPOP00000009523","ENSRNOP00000010630","RAPGEF4",0.425311678,0.060230555,7.06139399
"364","s7_001699-RA","ENSCPOP00000002449","ENSRNOP00000022425","",0.325019335,0.046377375,7.008144306
"365","s7_000160-RA","ENSCPOP00000014110","ENSRNOP00000048081","",0.314476501,0.044960504,6.994505658
"366","s8_001254-RA","ENSCPOP00000004443","ENSRNOP00000060243","MAN1A2",0.295847392,0.042461341,6.967452825
"367","s8_002423-RA","ENSCPOP00000003865","ENSRNOP00000063504","GAPVD1",0.15707127,0.022566163,6.960477499
"368","s8_000296-RA","ENSCPOP00000007328","ENSRNOP00000042060","KATNAL2",0.655968967,0.094701081,6.92673158
"369","s8_001057-RA","ENSCPOP00000000794","ENSRNOP00000015452","",0.226558098,0.032810231,6.90510524
"370","s8_000423-RA","ENSCPOP00000018394","ENSRNOP00000010602","AUP1",0.644398384,0.093744565,6.873981232
"371","s10_000420-RA","ENSCPOP00000001830","ENSRNOP00000015886","",0.158004259,0.023000177,6.869697544
"372","s5_001379-RA","ENSCPOP00000003857","ENSRNOP00000022055","HMGCR",0.136411021,0.019889109,6.858578934
"373","s3_000549-RA","ENSCPOP00000005541","ENSRNOP00000021041","TECTB",0.348697552,0.051032191,6.832893989
"374","s4_000985-RA","ENSCPOP00000009897","ENSRNOP00000050408","KDM2B",0.251379591,0.037014214,6.791433941
"375","s10_000663-RA","ENSCPOP00000002646","ENSRNOP00000028743","STIP1",0.108893713,0.016065322,6.778184287
"376","s6_000671-RA","ENSCPOP00000005941","ENSRNOP00000000905","POU1F1",0.25860972,0.03816767,6.775622434
"377","s8_000544-RA","ENSCPOP00000001891","ENSRNOP00000012751","COMMD1",0.54285441,0.080785485,6.719702296
"378","s10_000294-RA","ENSCPOP00000004159","ENSRNOP00000005127","DARS",0.201632052,0.030028255,6.714744235
"379","s10_001439-RA","ENSCPOP00000003147","ENSRNOP00000065137","",0.382587613,0.057034289,6.708028101
"380","s3_002512-RA","ENSCPOP00000005494","ENSRNOP00000037772","CDC20",0.276807812,0.04138385,6.688788384
"381","s8_002559-RA","ENSCPOP00000006481","ENSRNOP00000000170","",0.441082328,0.066056811,6.677317888
"382","s4_001472-RA","ENSCPOP00000012009","ENSRNOP00000064166","RRM1",0.121179978,0.018322132,6.613857986
"383","s3_001583-RA","ENSCPOP00000003407","ENSRNOP00000024020","VPS35",0.060965633,0.009233312,6.602791289
"384","s10_000499-RA","ENSCPOP00000002485","ENSRNOP00000018918","CLYBL",0.600338481,0.091073084,6.591832114
"385","s10_000657-RA","ENSCPOP00000001710","ENSRNOP00000028759","NAA40",0.227514526,0.034702777,6.556089823
"386","s4_001699-RA","ENSCPOP00000018366","ENSRNOP00000072265","",0.086508405,0.013211586,6.5479197
"387","s5_000661-RA","ENSCPOP00000007710","ENSRNOP00000071283","",0.699367161,0.10693969,6.539827847
"388","s2_002358-RA","ENSCPOP00000009783","ENSRNOP00000050261","",0.057988456,0.008873123,6.535292326
"389","s3_000328-RA","ENSCPOP00000007892","ENSRNOP00000042736","POGLUT1",0.530588112,0.081214826,6.533143484
"390","s8_000516-RA","ENSCPOP00000006071","ENSRNOP00000008057","",0.313096109,0.047957941,6.528556186
"391","s6_000182-RA","ENSCPOP00000008895","ENSRNOP00000025787","",0.19032391,0.029241564,6.508677473
"392","s8_001526-RA","ENSCPOP00000001603","ENSRNOP00000029546","VRK1",0.438031586,0.067378153,6.501092206
"393","s8_000805-RA","ENSCPOP00000015024","ENSRNOP00000047116","",0.589701014,0.090727993,6.499658973
"394","s1_000053-RA","ENSCPOP00000008077","ENSRNOP00000009866","",0.543816627,0.083895919,6.482039107
"395","s1_000710-RA","ENSCPOP00000006531","ENSRNOP00000018488","",0.052193627,0.008075959,6.462839594
"396","s5_001024-RA","ENSCPOP00000001661","ENSRNOP00000051834","SIRT7",0.170711862,0.026425592,6.460095921
"397","s4_001327-RA","ENSCPOP00000008942","ENSRNOP00000019738","IKZF4",0.235413359,0.036456197,6.457430484
"398","s7_000618-RA","ENSCPOP00000007049","ENSRNOP00000021756","",0.181245029,0.028199249,6.427299821
"399","s7_001501-RA","ENSCPOP00000014094","ENSRNOP00000061849","",0.372408046,0.058033701,6.417099719
"400","s2_000202-RA","ENSCPOP00000009354","ENSRNOP00000069834","FXR1",0.185270629,0.028954886,6.398596412
"401","s4_000404-RA","ENSCPOP00000003934","ENSRNOP00000026607","SYT9",0.256528121,0.040157349,6.38807415
"402","s10_001973-RA","ENSCPOP00000020267","ENSRNOP00000034134","CHUK",0.394220585,0.061845852,6.374244598
"403","s8_000474-RA","ENSCPOP00000011983","ENSRNOP00000019399","PAIP2B",0.304026824,0.047761268,6.365551797
"404","s5_001192-RA","ENSCPOP00000007350","ENSRNOP00000015757","PSMC3",0.031077917,0.004896882,6.346470257
"405","s6_000943-RA","ENSCPOP00000006856","ENSRNOP00000023514","RRAGC",0.060177388,0.009496267,6.336952107
